<?xml version="1.0" encoding="UTF-8" standalone="yes"?>
<isd>
	<IMD>
		<VERSION>28.3</VERSION>
		<GENERATIONTIME>2019-01-14T16:19:09.000000Z</GENERATIONTIME>
		<PRODUCTORDERID>058965120010_01_P004</PRODUCTORDERID>
		<PRODUCTCATALOGID>2030010405DA2F00</PRODUCTCATALOGID>
		<IMAGEDESCRIPTOR>ORStandard2A</IMAGEDESCRIPTOR>
		<BANDID>BGRN</BANDID>
		<PANSHARPENALGORITHM>UNB</PANSHARPENALGORITHM>
		<NUMROWS>16154</NUMROWS>
		<NUMCOLUMNS>21749</NUMCOLUMNS>
		<PRODUCTLEVEL>LV2A</PRODUCTLEVEL>
		<PRODUCTTYPE>Standard</PRODUCTTYPE>
		<NUMBEROFLOOKS>1</NUMBEROFLOOKS>
		<RADIOMETRICLEVEL>Corrected</RADIOMETRICLEVEL>
		<RADIOMETRICENHANCEMENT>Off</RADIOMETRICENHANCEMENT>
		<BITSPERPIXEL>16</BITSPERPIXEL>
		<COMPRESSIONTYPE>None</COMPRESSIONTYPE>
		<OUTPUTFORMAT>GeoTIFF</OUTPUTFORMAT>
		<BAND_B>
			<ULLON>1.253666934000000e+02</ULLON>
			<ULLAT>3.875534100000000e+01</ULLAT>
			<ULHAE>2.766000000000000e+01</ULHAE>
			<URLON>1.254449862000000e+02</URLON>
			<URLAT>3.875534100000000e+01</URLAT>
			<URHAE>2.766000000000000e+01</URHAE>
			<LRLON>1.254449862000000e+02</LRLON>
			<LRLAT>3.869719020000000e+01</LRLAT>
			<LRHAE>2.766000000000000e+01</LRHAE>
			<LLLON>1.253666934000000e+02</LLLON>
			<LLLAT>3.869719020000000e+01</LLLAT>
			<LLHAE>2.766000000000000e+01</LLHAE>
			<ABSCALFACTOR>8.919000000000000e-03</ABSCALFACTOR>
			<EFFECTIVEBANDWIDTH>6.000000000000000e-02</EFFECTIVEBANDWIDTH>
			<TDILEVEL>10</TDILEVEL>
		</BAND_B>
		<BAND_G>
			<ULLON>1.253666934000000e+02</ULLON>
			<ULLAT>3.875534100000000e+01</ULLAT>
			<ULHAE>2.766000000000000e+01</ULHAE>
			<URLON>1.254449862000000e+02</URLON>
			<URLAT>3.875534100000000e+01</URLAT>
			<URHAE>2.766000000000000e+01</URHAE>
			<LRLON>1.254449862000000e+02</LRLON>
			<LRLAT>3.869719020000000e+01</LRLAT>
			<LRHAE>2.766000000000000e+01</LRHAE>
			<LLLON>1.253666934000000e+02</LLLON>
			<LLLAT>3.869719020000000e+01</LLLAT>
			<LLHAE>2.766000000000000e+01</LLHAE>
			<ABSCALFACTOR>1.202810000000000e-02</ABSCALFACTOR>
			<EFFECTIVEBANDWIDTH>7.000000000000001e-02</EFFECTIVEBANDWIDTH>
			<TDILEVEL>6</TDILEVEL>
		</BAND_G>
		<BAND_R>
			<ULLON>1.253666934000000e+02</ULLON>
			<ULLAT>3.875534100000000e+01</ULLAT>
			<ULHAE>2.766000000000000e+01</ULHAE>
			<URLON>1.254449862000000e+02</URLON>
			<URLAT>3.875534100000000e+01</URLAT>
			<URHAE>2.766000000000000e+01</URHAE>
			<LRLON>1.254449862000000e+02</LRLON>
			<LRLAT>3.869719020000000e+01</LRLAT>
			<LRHAE>2.766000000000000e+01</LRHAE>
			<LLLON>1.253666934000000e+02</LLLON>
			<LLLAT>3.869719020000000e+01</LLLAT>
			<LLHAE>2.766000000000000e+01</LLHAE>
			<ABSCALFACTOR>5.667901000000000e-03</ABSCALFACTOR>
			<EFFECTIVEBANDWIDTH>3.500000000000000e-02</EFFECTIVEBANDWIDTH>
			<TDILEVEL>10</TDILEVEL>
		</BAND_R>
		<BAND_N>
			<ULLON>1.253666934000000e+02</ULLON>
			<ULLAT>3.875534100000000e+01</ULLAT>
			<ULHAE>2.766000000000000e+01</ULHAE>
			<URLON>1.254449862000000e+02</URLON>
			<URLAT>3.875534100000000e+01</URLAT>
			<URHAE>2.766000000000000e+01</URHAE>
			<LRLON>1.254449862000000e+02</LRLON>
			<LRLAT>3.869719020000000e+01</LRLAT>
			<LRHAE>2.766000000000000e+01</LRHAE>
			<LLLON>1.253666934000000e+02</LLLON>
			<LLLAT>3.869719020000000e+01</LLLAT>
			<LLHAE>2.766000000000000e+01</LLHAE>
			<ABSCALFACTOR>1.343020000000000e-02</ABSCALFACTOR>
			<EFFECTIVEBANDWIDTH>1.400000000000000e-01</EFFECTIVEBANDWIDTH>
			<TDILEVEL>6</TDILEVEL>
		</BAND_N>
		<IMAGE>
			<SATID>GE01</SATID> # Satellite Id. (“QB02”, “WV01”, “WV02”, “GE01”, “WV03”)
			<MODE>FullSwath</MODE> # sensor mode ("fullSwath", "CenterSwath")
			<SCANDIRECTION>Reverse</SCANDIRECTION> # Sensor scan direction. (“Forward”, “Reverse”)
			<CATID>10500C000FD96300</CATID>
			<FIRSTLINETIME>2017-04-19T02:32:15.685504Z</FIRSTLINETIME>
			<AVGLINERATE>2.500010000000000e+03</AVGLINERATE>
			<EXPOSUREDURATION>4.000000000000000e-04</EXPOSUREDURATION>
			<MINCOLLECTEDROWGSD>4.490000000000000e-01</MINCOLLECTEDROWGSD>
			<MAXCOLLECTEDROWGSD>4.490000000000000e-01</MAXCOLLECTEDROWGSD>
			<MEANCOLLECTEDROWGSD>4.490000000000000e-01</MEANCOLLECTEDROWGSD>
			<MINCOLLECTEDCOLGSD>4.980000000000000e-01</MINCOLLECTEDCOLGSD>
			<MAXCOLLECTEDCOLGSD>5.000000000000000e-01</MAXCOLLECTEDCOLGSD>
			<MEANCOLLECTEDCOLGSD>4.990000000000000e-01</MEANCOLLECTEDCOLGSD>
			<MEANCOLLECTEDGSD>4.730000000000000e-01</MEANCOLLECTEDGSD>
			<ROWUNCERTAINTY>3.883000000000000e+01</ROWUNCERTAINTY>
			<COLUNCERTAINTY>3.830000000000000e+00</COLUNCERTAINTY>
			<MINSUNAZ>1.476000000000000e+02</MINSUNAZ>
			<MAXSUNAZ>1.477000000000000e+02</MAXSUNAZ>
			<MEANSUNAZ>1.476000000000000e+02</MEANSUNAZ> # Mean azimuth angle of the sun measured from north clockwise.(0.0 ~ 360.0)
			<MINSUNEL>5.900000000000000e+01</MINSUNEL>
			<MAXSUNEL>5.910000000000000e+01</MAXSUNEL>
			<MEANSUNEL>5.900000000000000e+01</MEANSUNEL> # Mean elevation angle of the sun from horizontal. (-90.0 ~ +90.0)
			<MINSATAZ>1.762000000000000e+02</MINSATAZ>
			<MAXSATAZ>1.762000000000000e+02</MAXSATAZ>
			<MEANSATAZ>1.762000000000000e+02</MEANSATAZ> # Mean azimuth angle of the satellite with respect to the center line. (0.0 ~ 360.0)
			<MINSATEL>6.430000000000000e+01</MINSATEL>
			<MAXSATEL>6.430000000000000e+01</MAXSATEL>
			<MEANSATEL>6.430000000000000e+01</MEANSATEL> # Mean elevation angle of the satellite with respect to the center line. (-90.0 ~ +90.0)
			<MININTRACKVIEWANGLE>-2.240000000000000e+01</MININTRACKVIEWANGLE>
			<MAXINTRACKVIEWANGLE>-2.200000000000000e+01</MAXINTRACKVIEWANGLE>
			<MEANINTRACKVIEWANGLE>-2.210000000000000e+01</MEANINTRACKVIEWANGLE>
			<MINCROSSTRACKVIEWANGLE>5.700000000000000e+00</MINCROSSTRACKVIEWANGLE>
			<MAXCROSSTRACKVIEWANGLE>5.800000000000000e+00</MAXCROSSTRACKVIEWANGLE>
			<MEANCROSSTRACKVIEWANGLE>5.700000000000000e+00</MEANCROSSTRACKVIEWANGLE>
			<MINOFFNADIRVIEWANGLE>2.270000000000000e+01</MINOFFNADIRVIEWANGLE>
			<MAXOFFNADIRVIEWANGLE>2.310000000000000e+01</MAXOFFNADIRVIEWANGLE>
			<MEANOFFNADIRVIEWANGLE>2.280000000000000e+01</MEANOFFNADIRVIEWANGLE> # The mean spacecraft elevation angle measured from nadir to the product center-line as seen from the spacecraft. (0.0 ~ 90.0)
			<PNIIRS>5.000000000000000e+00</PNIIRS>
			<CLOUDCOVER>0.000000000000000e+00</CLOUDCOVER>
			<RESAMPLINGKERNEL>CC</RESAMPLINGKERNEL>
			<POSITIONKNOWLEDGESRC>R</POSITIONKNOWLEDGESRC>
			<ATTITUDEKNOWLEDGESRC>R</ATTITUDEKNOWLEDGESRC>
			<REVNUMBER>46046</REVNUMBER>
		</IMAGE>
		<MAP_PROJECTED_PRODUCT>
			<EARLIESTACQTIME>2017-04-19T02:32:21.960089Z</EARLIESTACQTIME>
			<LATESTACQTIME>2017-04-19T02:32:21.960089Z</LATESTACQTIME>
			<DATUMNAME>WE</DATUMNAME>
			<SEMIMAJORAXIS>6.378137000000000e+06</SEMIMAJORAXIS>
			<INVERSEFLATTENING>2.982572235630000e+02</INVERSEFLATTENING>
			<DATUMOFFSETList>
				<DATUMOFFSET>0.000000000000000e+00 0.000000000000000e+00 0.000000000000000e+00</DATUMOFFSET>
			</DATUMOFFSETList>
			<MAPPROJNAME>Geographic (Lat/Long)</MAPPROJNAME>
			<MAPPROJCODE>17</MAPPROJCODE>
			<MAPPROJPARAMList>
				<MAPPROJPARAM>6.366197723675813e+06 0.000000000000000e+00 0.000000000000000e+00 0.000000000000000e+00 0.000000000000000e+00 0.000000000000000e+00 0.000000000000000e+00 0.000000000000000e+00 0.000000000000000e+00 0.000000000000000e+00 0.000000000000000e+00 0.000000000000000e+00 0.000000000000000e+00 0.000000000000000e+00 0.000000000000000e+00</MAPPROJPARAM>
			</MAPPROJPARAMList>
			<PRODUCTUNITS>DD</PRODUCTUNITS>
			<ORIGINX>1.253666934000000e+02</ORIGINX>
			<ORIGINY>3.875534100000000e+01</ORIGINY>
			<ORIENTATIONANGLE>0.000000000000000e+00</ORIENTATIONANGLE>
			<COLSPACING>3.600000000000000e-06</COLSPACING>
			<ROWSPACING>3.600000000000000e-06</ROWSPACING>
			<PRODUCTGSD>4.000000000000000e-01</PRODUCTGSD>
			<ULX>1.253666934000000e+02</ULX>
			<ULY>3.875534100000000e+01</ULY>
			<ULH>2.766000000000000e+01</ULH>
			<URX>1.254449862000000e+02</URX>
			<URY>3.875534100000000e+01</URY>
			<URH>2.766000000000000e+01</URH>
			<LRX>1.254449862000000e+02</LRX>
			<LRY>3.869719020000000e+01</LRY>
			<LRH>2.766000000000000e+01</LRH>
			<LLX>1.253666934000000e+02</LLX>
			<LLY>3.869719020000000e+01</LLY>
			<LLH>2.766000000000000e+01</LLH>
			<DEMCORRECTION>Base Elevation</DEMCORRECTION>
			<TERRAINHAE>2.766000000000000e+01</TERRAINHAE>
			<NUMGCP>0</NUMGCP>
		</MAP_PROJECTED_PRODUCT>
	</IMD>
	<TIL>
		<BANDID>BGRN</BANDID>
		<NUMTILES>2</NUMTILES>
		<TILESIZEX>16384</TILESIZEX>
		<TILESIZEY>16384</TILESIZEY>
		<TILEUNITS>Pixels</TILEUNITS>
		<TILEOVERLAP>0</TILEOVERLAP>
		<TILE>
			<FILENAME>17APR19023221-S2AS_R1C1-058965120010_01_P004.TIF</FILENAME>
			<ULCOLOFFSET>0</ULCOLOFFSET>
			<ULROWOFFSET>0</ULROWOFFSET>
			<URCOLOFFSET>16383</URCOLOFFSET>
			<URROWOFFSET>0</URROWOFFSET>
			<LRCOLOFFSET>16383</LRCOLOFFSET>
			<LRROWOFFSET>16153</LRROWOFFSET>
			<LLCOLOFFSET>0</LLCOLOFFSET>
			<LLROWOFFSET>16153</LLROWOFFSET>
			<ULLON>1.253666934000000e+02</ULLON>
			<ULLAT>3.875534100000000e+01</ULLAT>
			<URLON>1.254256722000000e+02</URLON>
			<URLAT>3.875534100000000e+01</URLAT>
			<LRLON>1.254256722000000e+02</LRLON>
			<LRLAT>3.869719020000000e+01</LRLAT>
			<LLLON>1.253666934000000e+02</LLLON>
			<LLLAT>3.869719020000000e+01</LLLAT>
			<ULX>1.253666934000000e+02</ULX>
			<ULY>3.875534100000000e+01</ULY>
			<URX>1.254256722000000e+02</URX>
			<URY>3.875534100000000e+01</URY>
			<LRX>1.254256722000000e+02</LRX>
			<LRY>3.869719020000000e+01</LRY>
			<LLX>1.253666934000000e+02</LLX>
			<LLY>3.869719020000000e+01</LLY>
		</TILE>
		<TILE>
			<FILENAME>17APR19023221-S2AS_R1C2-058965120010_01_P004.TIF</FILENAME>
			<ULCOLOFFSET>16384</ULCOLOFFSET>
			<ULROWOFFSET>0</ULROWOFFSET>
			<URCOLOFFSET>21748</URCOLOFFSET>
			<URROWOFFSET>0</URROWOFFSET>
			<LRCOLOFFSET>21748</LRCOLOFFSET>
			<LRROWOFFSET>12895</LRROWOFFSET>
			<LLCOLOFFSET>16384</LLCOLOFFSET>
			<LLROWOFFSET>12895</LLROWOFFSET>
			<ULLON>1.254256758000000e+02</ULLON>
			<ULLAT>3.875534100000000e+01</ULLAT>
			<URLON>1.254449862000000e+02</URLON>
			<URLAT>3.875534100000000e+01</URLAT>
			<LRLON>1.254449862000000e+02</LRLON>
			<LRLAT>3.870891900000000e+01</LRLAT>
			<LLLON>1.254256758000000e+02</LLLON>
			<LLLAT>3.870891900000000e+01</LLLAT>
			<ULX>1.254256758000000e+02</ULX>
			<ULY>3.875534100000000e+01</ULY>
			<URX>1.254449862000000e+02</URX>
			<URY>3.875534100000000e+01</URY>
			<LRX>1.254449862000000e+02</LRX>
			<LRY>3.870891900000000e+01</LRY>
			<LLX>1.254256758000000e+02</LLX>
			<LLY>3.870891900000000e+01</LLY>
		</TILE>
	</TIL>
	<RPB>
		<SATID>GE01</SATID>
		<BANDID>BGRN</BANDID>
		<SPECID>RPC00B</SPECID>
		<IMAGE>
			<ERRBIAS>9.900000000000000e-01</ERRBIAS>
			<ERRRAND>8.500000000000000e-01</ERRRAND>
			<LINEOFFSET>8086</LINEOFFSET>
			<SAMPOFFSET>10870</SAMPOFFSET>
			<LATOFFSET>3.872610000000000e+01</LATOFFSET>
			<LONGOFFSET>1.254058000000000e+02</LONGOFFSET>
			<HEIGHTOFFSET>47</HEIGHTOFFSET>
			<LINESCALE>8178</LINESCALE>
			<SAMPSCALE>11697</SAMPSCALE>
			<LATSCALE>3.170000000000000e-02</LATSCALE>
			<LONGSCALE>4.230000000000000e-02</LONGSCALE>
			<HEIGHTSCALE>500</HEIGHTSCALE>
			<LINENUMCOEFList>
				<LINENUMCOEF>1.625769000000000e-03 5.480451000000000e-05 -1.076770000000000e+00 -7.335636000000000e-02 -5.157919000000000e-05 1.411306000000000e-03 -4.960495000000000e-04 6.120158000000001e-08 -8.547654000000000e-04 -3.023108000000000e-05 1.144855000000000e-06 0.000000000000000e+00 -1.337962000000000e-07 1.245197000000000e-06 6.668464000000000e-07 -4.989078000000000e-07 8.312259000000000e-07 1.632757000000000e-06 -9.070147000000000e-07 6.509555000000000e-08</LINENUMCOEF>
			</LINENUMCOEFList>
			<LINEDENCOEFList>
				<LINEDENCOEF>1.000000000000000e+00 4.789576000000000e-05 7.938043000000001e-04 -4.171722000000000e-04 1.263925000000000e-07 -1.279930000000000e-06 -1.562405000000000e-07 -6.158753000000000e-07 4.672524000000000e-07 -1.114147000000000e-06 0.000000000000000e+00 0.000000000000000e+00 0.000000000000000e+00 0.000000000000000e+00 0.000000000000000e+00 0.000000000000000e+00 0.000000000000000e+00 1.316658000000000e-08 0.000000000000000e+00 0.000000000000000e+00</LINEDENCOEF>
			</LINEDENCOEFList>
			<SAMPNUMCOEFList>
				<SAMPNUMCOEF>-7.726158000000000e-04 1.004553000000000e+00 -2.528235000000000e-07 -4.379806000000000e-03 0.000000000000000e+00 2.821493000000000e-04 -6.532543000000000e-06 3.886537000000000e-04 0.000000000000000e+00 -1.206748000000000e-06 5.089758000000000e-07 1.409515000000000e-07 -1.524361000000000e-08 8.245809000000001e-08 1.214417000000000e-08 0.000000000000000e+00 0.000000000000000e+00 -5.646450000000000e-07 0.000000000000000e+00 0.000000000000000e+00</SAMPNUMCOEF>
			</SAMPNUMCOEFList>
			<SAMPDENCOEFList>
				<SAMPDENCOEF>1.000000000000000e+00 3.869485000000000e-04 -3.178000000000000e-08 -2.868215000000000e-04 1.348994000000000e-08 4.436886000000000e-07 -3.780066000000000e-07 1.386779000000000e-07 -1.597443000000000e-08 -9.033368000000000e-08 0.000000000000000e+00 0.000000000000000e+00 0.000000000000000e+00 0.000000000000000e+00 0.000000000000000e+00 0.000000000000000e+00 0.000000000000000e+00 0.000000000000000e+00 0.000000000000000e+00 0.000000000000000e+00</SAMPDENCOEF>
			</SAMPDENCOEFList>
		</IMAGE>
	</RPB>
</isd>